algoritmo,rmse
Baseline20,0.4172414097223395
Hybrid,0.33448024313791025
Pipeline,0.2699487937481813
Pipeline_noRev,0.34451411980087754
