algoritmo,rmse
Baseline20,0.3798740058127531
Hybrid,0.2954963458766005
Pipeline,0.2539422756746842
Pipeline_noRev,0.3037799305638092
