algoritmo,rmse
Baseline20,35.30153348685515
Hybrid,19.293052643208537
Pipeline,
Pipeline_noRev,21.64361974359528
