algoritmo,rmse
Baseline20,33.150920623966826
Hybrid,14.06246499551278
Pipeline,
Pipeline_noRev,16.405841819973872
